question,answer
How can I apply for admission?,You can apply online through the university admission portal by creating an account filling the application form uploading required documents and submitting the application before the deadline.
What documents are required for admission?,Applicants usually need academic transcripts CNIC or B-Form passport-size photographs and any required test results.
What is the admission deadline?,Admission deadlines vary by semester. Please check the latest admission schedule on the university website.
Can I apply online?,Yes all applications can be submitted through the online admission portal.
Is there an application fee?,Yes an application processing fee may be required before submitting your application.
What programs are offered?,The university offers undergraduate graduate and postgraduate degree programs in multiple disciplines.
What is the eligibility criteria?,Eligibility depends on the selected program and previous academic qualifications.
Do I need an entry test?,Some programs require an entry test while others may offer admission based on previous academic performance.
How can I check my admission status?,You can check your application status through your admission portal account.
Can international students apply?,Yes international students are welcome and must fulfill additional visa and document requirements.
Are scholarships available?,Yes merit-based and need-based scholarships are available for eligible students.
How can I apply for a scholarship?,Scholarship applications can be submitted through the financial aid office or admission portal.
Is hostel accommodation available?,Yes separate hostel facilities are available for male and female students subject to availability.
Can I pay fees in installments?,Many students can apply for installment plans through the finance department.
How much is the tuition fee?,Tuition fees vary by program and academic level. Please refer to the latest fee structure.
What facilities are available on campus?,Students have access to libraries laboratories sports facilities cafeterias and study spaces.
How do I contact the admission office?,You can contact the admission office through email phone or by visiting the campus.
Can I transfer from another university?,Transfer students may apply subject to credit transfer policies and eligibility requirements.
What happens after admission is approved?,Students receive an admission offer and instructions regarding enrollment fee payment and orientation.
When do classes start?,Class commencement dates are announced in the academic calendar before each semester.